{
  "training_info": {
    "timestamp": "2025-10-06T21:05:46.323698",
    "epochs": 200,
    "learning_rate": 0.001,
    "total_training_time": 204.38050484657288,
    "best_epoch": 196,
    "best_loss": 0.5912264602051841
  },
  "performance_metrics": {
    "final_loss": 0.6214932882123523,
    "final_semantic_similarity": 0.3139199800789356,
    "loss_improvement": 0.8363438265191185,
    "semantic_improvement": 0.11068613855685625
  },
  "training_curves": {
    "epochs": [
      0,
      1,
      2,
      3,
      4,
      5,
      6,
      7,
      8,
      9,
      10,
      11,
      12,
      13,
      14,
      15,
      16,
      17,
      18,
      19,
      20,
      21,
      22,
      23,
      24,
      25,
      26,
      27,
      28,
      29,
      30,
      31,
      32,
      33,
      34,
      35,
      36,
      37,
      38,
      39,
      40,
      41,
      42,
      43,
      44,
      45,
      46,
      47,
      48,
      49,
      50,
      51,
      52,
      53,
      54,
      55,
      56,
      57,
      58,
      59,
      60,
      61,
      62,
      63,
      64,
      65,
      66,
      67,
      68,
      69,
      70,
      71,
      72,
      73,
      74,
      75,
      76,
      77,
      78,
      79,
      80,
      81,
      82,
      83,
      84,
      85,
      86,
      87,
      88,
      89,
      90,
      91,
      92,
      93,
      94,
      95,
      96,
      97,
      98,
      99,
      100,
      101,
      102,
      103,
      104,
      105,
      106,
      107,
      108,
      109,
      110,
      111,
      112,
      113,
      114,
      115,
      116,
      117,
      118,
      119,
      120,
      121,
      122,
      123,
      124,
      125,
      126,
      127,
      128,
      129,
      130,
      131,
      132,
      133,
      134,
      135,
      136,
      137,
      138,
      139,
      140,
      141,
      142,
      143,
      144,
      145,
      146,
      147,
      148,
      149,
      150,
      151,
      152,
      153,
      154,
      155,
      156,
      157,
      158,
      159,
      160,
      161,
      162,
      163,
      164,
      165,
      166,
      167,
      168,
      169,
      170,
      171,
      172,
      173,
      174,
      175,
      176,
      177,
      178,
      179,
      180,
      181,
      182,
      183,
      184,
      185,
      186,
      187,
      188,
      189,
      190,
      191,
      192,
      193,
      194,
      195,
      196,
      197,
      198,
      199
    ],
    "losses": [
      1.4578371147314708,
      1.492588887612025,
      1.505192716916402,
      1.4494203991360135,
      1.420504139529334,
      1.4369565513398912,
      1.4218167463938396,
      1.400167230102751,
      1.3760535683896806,
      1.3803138236204784,
      1.3465770218107436,
      1.3302865856223636,
      1.302551570865843,
      1.3056967854499817,
      1.2980232536792755,
      1.2739590836895838,
      1.258872280518214,
      1.2550701598326366,
      1.2318231993251376,
      1.22091363535987,
      1.2082907557487488,
      1.1982656088140275,
      1.1889820131990645,
      1.1741210851404402,
      1.1687634421719446,
      1.1546873648961384,
      1.141725675927268,
      1.1305622226662106,
      1.1280673046906788,
      1.116407702366511,
      1.1058561073409185,
      1.0980694558885362,
      1.0930437114503648,
      1.0789649718337588,
      1.0753011769718595,
      1.0692591071128845,
      1.0555398828453488,
      1.0504813856548734,
      1.0391207999653287,
      1.0420896841420069,
      1.0252676092916064,
      1.030111379093594,
      1.022105226914088,
      1.0209383186366823,
      1.000044176975886,
      1.0006537718905344,
      0.9924203190538619,
      0.9991158627801471,
      0.9770006173186832,
      0.9659263425403171,
      0.9618615706761678,
      0.9571767581833733,
      0.9458049866888258,
      0.9495424363348219,
      0.9366133328941133,
      0.9184308565325208,
      0.9377576675679948,
      0.9262111932039261,
      0.9250660455889173,
      0.9171927356057696,
      0.9217893994516797,
      0.9086229105790457,
      0.9045778463284174,
      0.9053294393751357,
      0.8907011499007543,
      0.9060450312164094,
      0.8920058690839343,
      0.8805360992749532,
      0.8750488079256482,
      0.8722154597441355,
      0.8706727607382668,
      0.8652685085932413,
      0.8561726179387834,
      0.8650800519519382,
      0.8374994761413999,
      0.8479716380437216,
      0.866531726386812,
      0.8543258772956001,
      0.838718498746554,
      0.8537355413039526,
      0.8481679376628664,
      0.8585049112637838,
      0.8232129414876302,
      0.8147540903753705,
      0.8346198151508967,
      0.819021181927787,
      0.8097982555627823,
      0.8150233642922508,
      0.8094657527075874,
      0.8318047490384843,
      0.7956908709473081,
      0.7838439924849404,
      0.8028025461567773,
      0.7982610596550835,
      0.7904460032780966,
      0.7945932613478767,
      0.7801981601450179,
      0.7718451420466105,
      0.783832288450665,
      0.7936829262309604,
      0.7633154210117128,
      0.7766981174548467,
      0.7697821938329272,
      0.7869227396117316,
      0.7637036674552493,
      0.7805402328570684,
      0.7763722274038527,
      0.7687432666619619,
      0.7537800934579637,
      0.7489525808228387,
      0.7637503710058,
      0.7618398567040762,
      0.7880079994599024,
      0.7489246163103316,
      0.7246671054098341,
      0.7517528583606085,
      0.7447879297865762,
      0.7830149663819207,
      0.7687607424126731,
      0.7747132596042421,
      0.7229171660211351,
      0.7415666331847509,
      0.7123755895429187,
      0.7670596672428979,
      0.7020092954238256,
      0.7329307016399171,
      0.7424555321534475,
      0.7416765540838242,
      0.7062285393476486,
      0.7191137986050712,
      0.7168040325244268,
      0.6971212277809778,
      0.7167258693112267,
      0.6801415698395835,
      0.7018644048107995,
      0.7065192841821246,
      0.7289052092366748,
      0.698860635360082,
      0.6990768114725748,
      0.7068743606408437,
      0.7095449202590518,
      0.6832264827357398,
      0.6941402620739408,
      0.6859082579612732,
      0.7009744395812353,
      0.66245180202855,
      0.6851426429218717,
      0.6714023037089242,
      0.6977475865019692,
      0.6899223277966181,
      0.667079852686988,
      0.6741169740756353,
      0.6825520876381133,
      0.6719644384251701,
      0.7008891867266761,
      0.6575626830259959,
      0.6713788145118289,
      0.6609499222702451,
      0.6452051848173141,
      0.668030709028244,
      0.663513022992346,
      0.6546051187647713,
      0.6824275188975863,
      0.658536833193567,
      0.6629916396405962,
      0.6812136107020907,
      0.6700449370675616,
      0.6515301366647085,
      0.6798086398177676,
      0.6517474171188142,
      0.6735324114561081,
      0.6509997314876981,
      0.6282772637075849,
      0.614967491891649,
      0.6718684020969603,
      0.6346829765372806,
      0.6289637254344093,
      0.6806071599324545,
      0.6512050678332647,
      0.686295587155554,
      0.6401313526762856,
      0.6405835019217597,
      0.6213306023014916,
      0.6122365875376595,
      0.6611160089572271,
      0.6422312822606828,
      0.6110120763381323,
      0.6119007054302428,
      0.6217104660140144,
      0.6223905069960488,
      0.6259589261478848,
      0.6111147801081339,
      0.6281450937191645,
      0.603076246049669,
      0.6292806052499347,
      0.6325584418243833,
      0.5912264602051841,
      0.6263676120175256,
      0.611700466937489,
      0.6214932882123523
    ],